{"1":{"id":"2","name":"Task 2","description":"Description 2","priority":"1","created":"2015-02-08 20:14:08","dueDate":"2015-02-10 20:18:08"},"2":{"id":"3","name":"Task 3","description":"Description 3","priority":"2","created":"2015-02-11 07:14:08","dueDate":"2015-02-16 08:14:08"},"3":{"id":"4","name":"Task 4","description":"Description 4","priority":"1","created":"2015-02-19 08:14:08","dueDate":"2015-02-20 17:14:08"},"4":{"id":"5","name":"Task 5","description":"Description 5","priority":"2","created":"2015-03-19 08:14:08","dueDate":"2015-03-20 08:14:08"},"5":{"id":"6","name":"Task 6","description":"Description 6","priority":"1","created":"2015-04-19 08:14:08","dueDate":"2015-04-20 08:14:08"},"6":{"id":"7","name":"Task 7","description":"Description 7","priority":"0","created":"2015-05-19 08:18:08","dueDate":"2015-05-22 08:18:08"},"7":{"id":"8","name":"Task 8","description":"Description 8","priority":"1","created":"2015-05-25 08:18:08","dueDate":"2015-05-26 08:18:08"},"8":{"id":"9","name":"Task 9","description":"Desctiption 9","priority":"0","created":"2015-06-01 08:18:08","dueDate":"2015-05-02 08:18:08"},"9":{"id":"10","name":"Task 8","description":"Description 8","priority":"1","created":"2015-05-25 08:18:08","dueDate":"2015-05-26 08:18:08"}}